Make,Y,L,Price,Longitude,Latitude,flag
Alubat,0.0,0.25,267233,2.213749,46.227638,1
Bavaria,0.0,0.5,133015,5.291266,52.132633,1
Bavaria,0.0,0.5,145769,-3.74922,40.463667,1
Bavaria,0.0,0.7,145744,-3.74922,40.463667,1
Beneteau,0.0,0.15,101427,-8.224454,39.399872,1
Beneteau,0.0,0.15,108108,-3.74922,40.463667,1
Beneteau,0.0,0.15,103249,-3.74922,40.463667,1
Beneteau,0.0,0.15,95860,-3.435973,55.378051,1
Beneteau,0.0,0.35,108108,2.213749,46.227638,1
Beneteau,0.0,0.35,106519,2.213749,46.227638,1
Beneteau,0.0,0.35,95961,2.213749,46.227638,1
Beneteau,0.0,0.35,108108,5.291266,52.132633,1
Beneteau,0.0,0.35,101792,-8.224454,39.399872,1
Beneteau,0.0,0.85,224719,-3.74922,40.463667,1
Beneteau,0.0,0.85,223504,-3.74922,40.463667,1
Beneteau,0.0,0.85,212572,-3.74922,40.463667,1
Beneteau,0.0,1.0,461603,-3.74922,40.463667,1
Catalina,0.0,0.3,119242,-3.435973,55.378051,1
Dufour,0.0,0.2,97054,2.213749,46.227638,1
Dufour,0.0,0.4,163984,2.213749,46.227638,1
Dufour,0.0,0.45,139726,2.213749,46.227638,1
Grand Soleil,0.0,0.35,181597,2.213749,46.227638,1
Grand Soleil,0.0,0.45,224719,2.213749,46.227638,1
Grand Soleil,0.0,0.65,252527,-3.435973,55.378051,1
Hallberg-Rassy,0.0,0.2,299771,-3.435973,55.378051,1
Hanse,0.0,0.2,93256,-3.435973,55.378051,1
Hanse,0.0,0.5,303674,2.213749,46.227638,1
Hanse,0.0,0.5,179942,-3.74922,40.463667,1
Hanse,0.0,0.5,170057,-3.74922,40.463667,1
Hanse,0.0,0.85,200433,-8.24389,53.41291,1
Hanse,0.0,0.85,334055,-3.74922,40.463667,1
Hanse,0.0,0.85,333920,-3.74922,40.463667,1
Harmony,0.0,0.3,83270,2.213749,46.227638,1
Hunter,0.0,0.2,96555,2.213749,46.227638,1
Hunter,0.0,0.2,94746,2.213749,46.227638,1
Hunter,0.0,0.5,169000,-3.74922,40.463667,1
Hylas,0.0,0.65,464979,-3.74922,40.463667,1
Island Packet,0.0,0.4,286566,-3.435973,55.378051,1
Jeanneau,0.0,0.2,121470,-3.74922,40.463667,1
Jeanneau,0.0,0.45,132402,2.213749,46.227638,1
Jeanneau,0.0,0.65,236875,2.213749,46.227638,1
Jeanneau,0.0,0.65,162776,2.213749,46.227638,1
Jeanneau,0.0,0.65,222298,-3.74922,40.463667,1
Jeanneau,0.0,0.65,168843,-3.74922,40.463667,1
Jeanneau,0.0,0.95,267233,-8.224454,39.399872,1
Jeanneau,0.0,0.95,358335,-3.74922,40.463667,1
Jeanneau,0.0,0.95,358287,-3.74922,40.463667,1
Jeanneau,0.0,0.95,301204,-3.74922,40.463667,1
Malo,0.0,0.4,351047,5.291266,52.132633,1
Malo,0.0,0.5,393128,-3.435973,55.378051,1
Moody,0.0,0.6,406940,-3.74922,40.463667,1
Najad,0.0,0.1,233156,-3.435973,55.378051,1
Nauticat,0.0,0.1,306497,-3.74922,40.463667,1
Nauticat,0.0,0.35,321907,9.501785,56.26392,1
Sunbeam,0.0,0.15,186497,-3.435973,55.378051,1
Sunbeam,0.0,0.85,399651,-3.74922,40.463667,1
Sweden Yachts,0.0,0.35,166473,-3.435973,55.378051,1
Tartan,0.0,0.45,302459,5.291266,52.132633,1
Van De Stadt,0.0,0.5,297560,5.291266,52.132633,1
Wauquiez,0.0,0.2,151876,2.213749,46.227638,1
Wauquiez,0.0,0.2,151837,2.213749,46.227638,1
Wauquiez,0.0,0.2,132436,-3.74922,40.463667,1
X-Yachts,0.0,0.2,200476,5.291266,52.132633,1
Alliage,0.07142857142857142,0.4,358287,2.213749,46.227638,1
Bavaria,0.07142857142857142,0.15,95961,2.213749,46.227638,1
Bavaria,0.07142857142857142,0.15,95961,2.213749,46.227638,1
Bavaria,0.07142857142857142,0.15,91102,-3.74922,40.463667,1
Bavaria,0.07142857142857142,0.3,120862,5.291266,52.132633,1
Bavaria,0.07142857142857142,0.3,145764,-8.224454,39.399872,1
Bavaria,0.07142857142857142,0.65,139690,-3.74922,40.463667,1
Beneteau,0.07142857142857142,0.15,99630,-8.224454,39.399872,1
Beneteau,0.07142857142857142,0.35,95961,-3.74922,40.463667,1
Beneteau,0.07142857142857142,0.55,151876,-3.74922,40.463667,1
Beneteau,0.07142857142857142,0.55,151876,-3.74922,40.463667,1
Beneteau,0.07142857142857142,0.55,151876,-3.74922,40.463667,1
Beneteau,0.07142857142857142,0.55,144586,-3.74922,40.463667,1
Beneteau,0.07142857142857142,0.55,144586,-3.74922,40.463667,1
Beneteau,0.07142857142857142,0.65,241734,2.213749,46.227638,1
Beneteau,0.07142857142857142,0.65,224719,-8.224454,39.399872,1
Beneteau,0.07142857142857142,0.65,199781,-3.435973,55.378051,1
Beneteau,0.07142857142857142,0.75,144549,2.213749,46.227638,1
Beneteau,0.07142857142857142,0.85,361980,-3.74922,40.463667,1
Beneteau,0.07142857142857142,0.85,252657,-3.74922,40.463667,1
Dufour,0.07142857142857142,0.1,103249,2.213749,46.227638,1
Dufour,0.07142857142857142,0.2,108108,-3.74922,40.463667,1
Dufour,0.07142857142857142,0.45,168886,-3.74922,40.463667,1
Elan,0.07142857142857142,0.4,129973,-3.74922,40.463667,1
Elan,0.07142857142857142,0.4,106893,-3.74922,40.463667,1
Hanse,0.07142857142857142,0.2,108135,2.213749,46.227638,1
Hanse,0.07142857142857142,0.2,139690,5.291266,52.132633,1
Hanse,0.07142857142857142,0.2,115275,5.291266,52.132633,1
Hanse,0.07142857142857142,0.2,100820,-3.74922,40.463667,1
Hanse,0.07142857142857142,0.5,200425,2.213749,46.227638,1
Hanse,0.07142857142857142,0.55,199990,9.501785,56.26392,1
Hanse,0.07142857142857142,0.8,267233,-3.74922,40.463667,1
Hanse,0.07142857142857142,0.85,179782,-8.24389,53.41291,1
Hanse,0.07142857142857142,0.85,179775,-8.24389,53.41291,1
Harmony,0.07142857142857142,0.1,66549,-3.435973,55.378051,1
Hunter,0.07142857142857142,0.1,95961,-8.4863157,51.8968917,1
Island Packet,0.07142857142857142,0.45,279854,-5.353585,36.140751,1
Island Packet,0.07142857142857142,0.45,279845,-5.353585,36.140751,1
Island Packet,0.07142857142857142,0.45,376505,5.291266,52.132633,1
Island Packet,0.07142857142857142,0.45,340008,5.291266,52.132633,1
Island Packet,0.07142857142857142,0.8,533252,5.291266,52.132633,1
Jeanneau,0.07142857142857142,0.2,113913,-3.435973,55.378051,1
Jeanneau,0.07142857142857142,0.3,133230,-3.74922,40.463667,1
Jeanneau,0.07142857142857142,0.45,156696,-3.74922,40.463667,1
Jeanneau,0.07142857142857142,0.45,132436,-3.74922,40.463667,1
Jeanneau,0.07142857142857142,0.45,132402,-3.74922,40.463667,1
Jeanneau,0.07142857142857142,0.6,206507,2.213749,46.227638,1
Jeanneau,0.07142857142857142,0.65,200433,2.213749,46.227638,1
Jeanneau,0.07142857142857142,0.65,224728,-3.74922,40.463667,1
Najad,0.07142857142857142,0.4,413104,-3.435973,55.378051,1
Nordship,0.07142857142857142,0.1,200425,2.213749,46.227638,1
Wauquiez,0.07142857142857142,0.2,170057,2.213749,46.227638,1
Wauquiez,0.07142857142857142,0.3,156696,-8.24389,53.41291,1
Wauquiez,0.07142857142857142,0.3,193137,-3.74922,40.463667,1
X-Yachts,0.07142857142857142,0.2,180990,2.213749,46.227638,1
X-Yachts,0.07142857142857142,0.35,208928,2.213749,46.227638,1
X-Yachts,0.07142857142857142,0.7,425144,4.469936,50.503887,1
X-Yachts,0.07142857142857142,0.7,358209,9.501785,56.26392,1
X-Yachts,0.07142857142857142,0.7,388703,2.213749,46.227638,1
Allures,0.1428571428571428,0.4,290312,2.213749,46.227638,1
Alubat,0.1428571428571428,0.9,352262,-3.74922,40.463667,1
Amel,0.1428571428571428,1.0,504099,-3.74922,40.463667,1
Bavaria,0.1428571428571428,0.15,91102,-3.74922,40.463667,1
Bavaria,0.1428571428571428,0.15,99898,-3.435973,55.378051,1
Bavaria,0.1428571428571428,0.45,176131,5.291266,52.132633,1
Bavaria,0.1428571428571428,0.65,182212,-3.74922,40.463667,1
Beneteau,0.1428571428571428,0.15,87458,2.213749,46.227638,1
Beneteau,0.1428571428571428,0.15,94746,-3.74922,40.463667,1
Beneteau,0.1428571428571428,0.15,83814,-3.74922,40.463667,1
Beneteau,0.1428571428571428,0.2,146488,-3.74922,40.463667,1
Beneteau,0.1428571428571428,0.2,106562,-3.74922,40.463667,1
Beneteau,0.1428571428571428,0.35,127543,2.213749,46.227638,1
Beneteau,0.1428571428571428,0.35,113246,-3.435973,55.378051,1
Beneteau,0.1428571428571428,0.65,240520,2.213749,46.227638,1
Beneteau,0.1428571428571428,0.65,240510,2.213749,46.227638,1
Beneteau,0.1428571428571428,0.85,191922,2.213749,46.227638,1
Bestevaer,0.1428571428571428,0.85,911022,5.291266,52.132633,1
Comar,0.1428571428571428,0.25,148173,-8.224454,39.399872,1
Comar,0.1428571428571428,0.8,273318,-3.74922,40.463667,1
Comar,0.1428571428571428,0.8,267244,-3.74922,40.463667,1
Contest,0.1428571428571428,0.65,582470,5.291266,52.132633,1
Contest,0.1428571428571428,0.95,589128,5.291266,52.132633,1
Dehler,0.1428571428571428,0.15,193793,5.291266,52.132633,1
Dehler,0.1428571428571428,0.4,193137,5.291266,52.132633,1
Dehler,0.1428571428571428,0.4,205284,-8.224454,39.399872,1
Dehler,0.1428571428571428,0.55,193186,-3.74922,40.463667,1
Dufour,0.1428571428571428,0.2,133598,-8.224454,39.399872,1
Dufour,0.1428571428571428,0.45,159171,9.501785,56.26392,1
Dufour,0.1428571428571428,0.6,204069,-3.74922,40.463667,1
Dufour,0.1428571428571428,0.6,194351,-3.74922,40.463667,1
Dufour,0.1428571428571428,0.6,188285,-3.74922,40.463667,1
Dufour,0.1428571428571428,0.7,261160,-3.74922,40.463667,1
Elan,0.1428571428571428,0.4,200425,-3.74922,40.463667,1
Elan,0.1428571428571428,0.4,179775,-3.74922,40.463667,1
Elan,0.1428571428571428,0.4,127543,-3.74922,40.463667,1
Grand Soleil,0.1428571428571428,0.45,194230,2.213749,46.227638,1
Grand Soleil,0.1428571428571428,0.65,281810,2.213749,46.227638,1
Grand Soleil,0.1428571428571428,0.65,279380,-3.74922,40.463667,1
Grand Soleil,0.1428571428571428,0.85,467658,-3.74922,40.463667,1
Hallberg-Rassy,0.1428571428571428,0.2,407217,9.501785,56.26392,1
Hanse,0.1428571428571428,0.2,103154,-3.74922,40.463667,1
Hanse,0.1428571428571428,0.2,103128,-3.74922,40.463667,1
Hanse,0.1428571428571428,0.2,91102,-3.74922,40.463667,1
Hanse,0.1428571428571428,0.35,136653,2.213749,46.227638,1
Hanse,0.1428571428571428,0.35,136046,2.213749,46.227638,1
Hanse,0.1428571428571428,0.35,145642,-3.74922,40.463667,1
Hanse,0.1428571428571428,0.55,181036,2.213749,46.227638,1
Hanse,0.1428571428571428,0.55,180990,2.213749,46.227638,1
Hanse,0.1428571428571428,0.55,181597,5.291266,52.132633,1
Hanse,0.1428571428571428,0.8,258730,9.501785,56.26392,1
Hanse,0.1428571428571428,0.8,239750,-3.435973,55.378051,1
Island Packet,0.1428571428571428,0.6,319756,-3.74922,40.463667,1
J boats,0.1428571428571428,0.2,133617,2.213749,46.227638,1
J Boats,0.1428571428571428,0.2,191363,5.291266,52.132633,1
Jeanneau,0.1428571428571428,0.15,145764,2.213749,46.227638,1
Jeanneau,0.1428571428571428,0.15,112967,2.213749,46.227638,1
Jeanneau,0.1428571428571428,0.15,115912,-8.24389,53.41291,1
Jeanneau,0.1428571428571428,0.15,115396,-8.24389,53.41291,1
Jeanneau,0.1428571428571428,0.15,111780,-3.74922,40.463667,1
Jeanneau,0.1428571428571428,0.45,162811,-3.74922,40.463667,1
Jeanneau,0.1428571428571428,0.45,109229,-3.74922,40.463667,1
Jeanneau,0.1428571428571428,0.95,267244,2.213749,46.227638,1
Jeanneau,0.1428571428571428,0.95,325868,-3.74922,40.463667,1
Jeanneau,0.1428571428571428,0.95,325539,-3.74922,40.463667,1
Maxi,0.1428571428571428,0.25,346474,-3.435973,55.378051,1
Nautor,0.1428571428571428,0.5,546613,2.213749,46.227638,1
Oyster,0.1428571428571428,0.85,646174,-3.435973,55.378051,1
Poncin,0.1428571428571428,0.55,163991,2.213749,46.227638,1
Rustler,0.1428571428571428,0.3,358393,-3.435973,55.378051,1
Sweden Yachts,0.1428571428571428,0.5,351047,-3.74922,40.463667,1
X-Yachts,0.1428571428571428,0.2,184634,2.213749,46.227638,1
Allures,0.2142857142857143,0.4,289098,2.213749,46.227638,1
Allures,0.2142857142857143,0.4,425144,-3.74922,40.463667,1
Archambault,0.2142857142857143,0.15,127543,2.213749,46.227638,1
Archambault,0.2142857142857143,0.15,127526,2.213749,46.227638,1
Bavaria,0.2142857142857143,0.1,82599,-3.74922,40.463667,1
Bavaria,0.2142857142857143,0.15,95961,-3.74922,40.463667,1
Bavaria,0.2142857142857143,0.65,182212,-3.74922,40.463667,1
Beneteau,0.2142857142857143,0.2,123899,2.213749,46.227638,1
Beneteau,0.2142857142857143,0.2,100820,-3.74922,40.463667,1
Beneteau,0.2142857142857143,0.35,163962,-3.74922,40.463667,1
Beneteau,0.2142857142857143,0.35,144549,-3.74922,40.463667,1
Beneteau,0.2142857142857143,0.5,188278,2.213749,46.227638,1
Beneteau,0.2142857142857143,0.55,169493,2.213749,46.227638,1
Beneteau,0.2142857142857143,0.55,182204,7.412841,43.750298,1
Beneteau,0.2142857142857143,0.55,177346,-3.74922,40.463667,1
Beneteau,0.2142857142857143,0.55,157904,-3.74922,40.463667,1
Beneteau,0.2142857142857143,0.65,298827,2.213749,46.227638,1
Beneteau,0.2142857142857143,0.65,193186,-5.353585,36.140751,1
Beneteau,0.2142857142857143,0.65,297613,-3.74922,40.463667,1
Beneteau,0.2142857142857143,0.85,206509,-3.435973,55.378051,1
Beneteau,0.2142857142857143,1.0,352276,-3.74922,40.463667,1
Comar,0.2142857142857143,0.5,241725,-3.74922,40.463667,1
Dehler,0.2142857142857143,0.55,238688,2.213749,46.227638,1
Dufour,0.2142857142857143,0.45,97200,2.213749,46.227638,1
Dufour,0.2142857142857143,0.45,109323,-3.74922,40.463667,1
Dufour,0.2142857142857143,0.7,229587,2.213749,46.227638,1
Dufour,0.2142857142857143,0.7,229578,2.213749,46.227638,1
Grand Soleil,0.2142857142857143,0.35,239295,2.213749,46.227638,1
Grand Soleil,0.2142857142857143,0.35,224719,2.213749,46.227638,1
Grand Soleil,0.2142857142857143,0.35,126570,-3.435973,55.378051,1
Grand Soleil,0.2142857142857143,0.85,455449,2.213749,46.227638,1
Grand Soleil,0.2142857142857143,0.95,353064,-3.435973,55.378051,1
Hallberg-Rassy,0.2142857142857143,0.95,1001988,5.291266,52.132633,1
Hanse,0.2142857142857143,0.2,106920,-3.74922,40.463667,1
Hanse,0.2142857142857143,0.2,106893,-3.74922,40.463667,1
Hanse,0.2142857142857143,0.55,224719,2.213749,46.227638,1
Hanse,0.2142857142857143,0.55,188326,2.213749,46.227638,1
Hylas,0.2142857142857143,0.5,425675,-3.435973,55.378051,1
Island Packet,0.2142857142857143,0.45,358287,5.291266,52.132633,1
Island Packet,0.2142857142857143,0.45,366387,-3.435973,55.378051,1
J Boats,0.2142857142857143,0.2,206498,-3.74922,40.463667,1
J Boats,0.2142857142857143,0.2,204121,-3.74922,40.463667,1
Jeanneau,0.2142857142857143,0.15,96593,2.213749,46.227638,1
Jeanneau,0.2142857142857143,0.15,97200,-3.74922,40.463667,1
Jeanneau,0.2142857142857143,0.3,176131,-3.74922,40.463667,1
Jeanneau,0.2142857142857143,0.45,212626,-3.74922,40.463667,1
Jeanneau,0.2142857142857143,0.45,200425,-3.74922,40.463667,1
Jeanneau,0.2142857142857143,0.45,145199,-3.74922,40.463667,1
Jeanneau,0.2142857142857143,0.95,364409,-3.74922,40.463667,1
Jeanneau,0.2142857142857143,0.95,278454,-3.435973,55.378051,1
Malo,0.2142857142857143,0.2,332413,-3.435973,55.378051,1
Oyster,0.2142857142857143,0.9,792729,-5.353585,36.140751,1
Sly,0.2142857142857143,0.85,382629,2.213749,46.227638,1
Sweden Yachts,0.2142857142857143,0.9,727025,5.291266,52.132633,1
Wauquiez,0.2142857142857143,0.2,212383,2.213749,46.227638,1
Wauquiez,0.2142857142857143,0.55,290324,5.291266,52.132633,1
Alliage,0.2857142857142857,0.95,601299,2.213749,46.227638,1
Archambault,0.2857142857142857,0.15,132436,2.213749,46.227638,1
Archambault,0.2857142857142857,0.15,151876,-3.74922,40.463667,1
Archambault,0.2857142857142857,0.15,151816,-3.74922,40.463667,1
Bavaria,0.2857142857142857,0.1,96568,5.291266,52.132633,1
Bavaria,0.2857142857142857,0.55,265131,-3.435973,55.378051,1
Beneteau,0.2857142857142857,0.2,144549,2.213749,46.227638,1
Beneteau,0.2857142857142857,0.2,182204,-3.74922,40.463667,1
Beneteau,0.2857142857142857,0.35,115380,-3.74922,40.463667,1
Beneteau,0.2857142857142857,0.5,200433,-3.74922,40.463667,1
Beneteau,0.2857142857142857,0.55,167628,2.213749,46.227638,1
Beneteau,0.2857142857142857,0.55,132402,-3.74922,40.463667,1
Beneteau,0.2857142857142857,0.65,285465,-3.74922,40.463667,1
Beneteau,0.2857142857142857,0.9,279380,2.213749,46.227638,1
Bestevaer,0.2857142857142857,0.65,848957,5.291266,52.132633,1
B-Yachts,0.2857142857142857,0.1,207466,8.227512,46.818188,1
Catalina,0.2857142857142857,0.3,182204,5.291266,52.132633,1
Dufour,0.2857142857142857,0.2,132436,2.213749,46.227638,1
Dufour,0.2857142857142857,0.3,151837,-3.74922,40.463667,1
Elan,0.2857142857142857,0.4,179930,-3.435973,55.378051,1
Grand Soleil,0.2857142857142857,0.1,139690,2.213749,46.227638,1
Hallberg-Rassy,0.2857142857142857,0.95,1032351,-3.74922,40.463667,1
Hunter,0.2857142857142857,0.7,278128,-3.74922,40.463667,1
Jeanneau,0.2857142857142857,0.15,119070,-8.224454,39.399872,1
Jeanneau,0.2857142857142857,0.15,114181,-8.224454,39.399872,1
Jeanneau,0.2857142857142857,0.3,188278,-3.74922,40.463667,1
Jeanneau,0.2857142857142857,0.45,203462,2.213749,46.227638,1
Nordship,0.2857142857142857,0.1,363209,5.291266,52.132633,1
Oyster,0.2857142857142857,0.9,692805,-3.435973,55.378051,1
Southerly,0.2857142857142857,0.3,300510,-3.435973,55.378051,1
X-Yachts,0.2857142857142857,0.3,423539,9.501785,56.26392,1
Bavaria,0.3571428571428572,0.65,120255,-3.74922,40.463667,1
Bavaria,0.3571428571428572,0.65,106893,-3.74922,40.463667,1
Bavaria,0.3571428571428572,0.9,267233,-3.74922,40.463667,1
Beneteau,0.3571428571428572,0.65,218047,-3.74922,40.463667,1
Beneteau,0.3571428571428572,0.65,218038,-3.74922,40.463667,1
Discovery,0.3571428571428572,0.95,766082,-3.435973,55.378051,1
Dufour,0.3571428571428572,0.2,190707,-8.224454,39.399872,1
Dufour,0.3571428571428572,0.2,157951,-8.224454,39.399872,1
Dufour,0.3571428571428572,0.2,146488,-3.435973,55.378051,1
Dufour,0.3571428571428572,0.45,178560,2.213749,46.227638,1
Dufour,0.3571428571428572,0.7,285454,2.213749,46.227638,1
Elan,0.3571428571428572,0.4,240510,2.213749,46.227638,1
Grand Soleil,0.3571428571428572,0.55,309748,2.213749,46.227638,1
Hanse,0.3571428571428572,0.2,145801,2.213749,46.227638,1
Hanse,0.3571428571428572,0.2,145764,2.213749,46.227638,1
Hanse,0.3571428571428572,0.2,151716,5.291266,52.132633,1
Jeanneau,0.3571428571428572,0.45,181036,2.213749,46.227638,1
Jeanneau,0.3571428571428572,0.45,200476,-3.74922,40.463667,1
Jeanneau,0.3571428571428572,0.45,194351,-3.74922,40.463667,1
Jeanneau,0.3571428571428572,0.45,188326,-3.74922,40.463667,1
Jeanneau,0.3571428571428572,0.45,239849,-3.435973,55.378051,1
Jeanneau,0.3571428571428572,0.45,193199,-3.435973,55.378051,1
Jeanneau,0.3571428571428572,0.65,255086,2.213749,46.227638,1
Jeanneau,0.3571428571428572,0.65,334042,-3.74922,40.463667,1
Jeanneau,0.3571428571428572,0.85,218645,2.213749,46.227638,1
Jeanneau,0.3571428571428572,0.85,255086,-8.224454,39.399872,1
Malo,0.3571428571428572,0.2,319090,-3.435973,55.378051,1
Moody,0.3571428571428572,0.45,437291,-3.74922,40.463667,1
Nauticat,0.3571428571428572,0.4,475361,8.468946,60.472024,1
Southerly,0.3571428571428572,0.15,279845,-2.13125,49.214439,1
Bavaria,0.4285714285714285,0.2,160867,9.501785,56.26392,1
Bavaria,0.4285714285714285,0.2,144549,2.213749,46.227638,1
Bavaria,0.4285714285714285,0.2,144549,5.291266,52.132633,1
Beneteau,0.4285714285714285,0.2,169450,5.291266,52.132633,1
Beneteau,0.4285714285714285,0.2,179775,-3.74922,40.463667,1
Beneteau,0.4285714285714285,0.2,59535,-3.435973,55.378051,1
Beneteau,0.4285714285714285,0.65,205292,2.213749,46.227638,1
Catalina,0.4285714285714285,0.1,173094,5.291266,52.132633,1
Contest,0.4285714285714285,0.45,504099,5.291266,52.132633,1
Contest,0.4285714285714285,0.45,504099,-3.74922,40.463667,1
Dehler,0.4285714285714285,0.2,206377,5.291266,52.132633,1
Delphia,0.4285714285714285,0.15,194401,2.213749,46.227638,1
Dufour,0.4285714285714285,0.2,133617,2.213749,46.227638,1
Dufour,0.4285714285714285,0.4,236926,2.213749,46.227638,1
Dufour,0.4285714285714285,0.45,182204,2.213749,46.227638,1
Dufour,0.4285714285714285,0.45,170101,2.213749,46.227638,1
Dufour,0.4285714285714285,0.45,194401,-8.224454,39.399872,1
Hanse,0.4285714285714285,0.2,139884,-3.435973,55.378051,1
Hanse,0.4285714285714285,0.4,193186,-3.74922,40.463667,1
Hanse,0.4285714285714285,0.7,358335,-3.74922,40.463667,1
J Boats,0.4285714285714285,0.35,287721,-3.435973,55.378051,1
Jeanneau,0.4285714285714285,0.2,156696,5.291266,52.132633,1
Jeanneau,0.4285714285714285,0.35,146958,-3.74922,40.463667,1
Jeanneau,0.4285714285714285,0.35,120239,-3.74922,40.463667,1
Jeanneau,0.4285714285714285,0.45,210142,-3.74922,40.463667,1
Jeanneau,0.4285714285714285,0.45,213192,-3.435973,55.378051,1
Jeanneau,0.4285714285714285,0.65,249013,-3.74922,40.463667,1
Jeanneau,0.4285714285714285,0.85,341932,9.501785,56.26392,1
Jeanneau,0.4285714285714285,0.85,267233,2.213749,46.227638,1
Jeanneau,0.4285714285714285,0.85,291406,-3.74922,40.463667,1
Moody,0.4285714285714285,0.45,386305,-3.74922,40.463667,1
Oyster,0.4285714285714285,0.9,839360,-3.74922,40.463667,1
Rustler,0.4285714285714285,0.4,492394,-3.435973,55.378051,1
Tofinou,0.4285714285714285,0.15,182251,-3.74922,40.463667,1
X-Yachts,0.4285714285714285,0.7,631642,-8.224454,39.399872,1
Bavaria,0.5,0.9,358350,-3.74922,40.463667,1
Bavaria,0.5,0.9,358287,-3.74922,40.463667,1
Bavaria,0.5,0.9,321895,-3.74922,40.463667,1
Bavaria,0.5,0.9,303674,-3.74922,40.463667,1
Bavaria,0.5,0.9,279380,-3.74922,40.463667,1
Beneteau,0.5,0.2,145801,2.213749,46.227638,1
Beneteau,0.5,0.2,163863,-3.74922,40.463667,1
Beneteau,0.5,0.2,106562,-3.435973,55.378051,1
Beneteau,0.5,0.45,194325,2.213749,46.227638,1
Beneteau,0.5,0.45,241725,5.291266,52.132633,1
Beneteau,0.5,0.45,217431,-3.74922,40.463667,1
Beneteau,0.5,0.5,321895,2.213749,46.227638,1
Beneteau,0.5,0.65,423929,2.213749,46.227638,1
Beneteau,0.5,0.65,326753,2.213749,46.227638,1
Beneteau,0.5,0.65,326709,2.213749,46.227638,1
Beneteau,0.5,1.0,352262,2.213749,46.227638,1
Dehler,0.5,0.2,193137,2.213749,46.227638,1
Dehler,0.5,0.2,199823,-3.435973,55.378051,1
Dufour,0.5,0.7,394776,-3.74922,40.463667,1
Grand Soleil,0.5,0.2,259945,2.213749,46.227638,1
Grand Soleil,0.5,0.65,448223,2.213749,46.227638,1
Grand Soleil,0.5,0.65,445794,2.213749,46.227638,1
Grand Soleil,0.5,0.65,393034,-2.13125,49.214439,1
Hanse,0.5,0.4,212572,2.213749,46.227638,1
Hanse,0.5,0.4,203845,-3.74922,40.463667,1
Hanse,0.5,0.85,361980,5.291266,52.132633,1
Jeanneau,0.5,0.2,179937,-3.435973,55.378051,1
Jeanneau,0.5,0.2,179900,-3.435973,55.378051,1
Jeanneau,0.5,0.35,236866,-3.74922,40.463667,1
Jeanneau,0.5,0.4,251808,-3.435973,55.378051,1
Jeanneau,0.5,0.5,241725,-3.74922,40.463667,1
Jeanneau,0.5,0.7,352351,-3.74922,40.463667,1
Jeanneau,0.5,0.7,352276,-3.74922,40.463667,1
Jeanneau,0.5,0.7,236866,-3.74922,40.463667,1
Jeanneau,0.5,0.7,180990,-3.74922,40.463667,1
Southerly,0.5,0.15,346474,2.213749,46.227638,1
Southerly,0.5,0.3,479634,-3.435973,55.378051,1
Tofinou,0.5,0.8,485898,-3.74922,40.463667,1
X-Yachts,0.5,0.1,279391,2.213749,46.227638,1
X-Yachts,0.5,0.4,498026,9.501785,56.26392,1
X-Yachts,0.5,0.7,716700,2.213749,46.227638,1
X-Yachts,0.5,0.7,716671,2.213749,46.227638,1
Bavaria,0.5714285714285714,0.5,218093,-3.74922,40.463667,1
Bavaria,0.5714285714285714,0.5,217486,-3.74922,40.463667,1
Beneteau,0.5714285714285714,0.45,291527,2.213749,46.227638,1
Dehler,0.5714285714285714,0.2,219832,-3.435973,55.378051,1
Dufour,0.5714285714285714,0.2,160318,2.213749,46.227638,1
Dufour,0.5714285714285714,0.4,240477,-3.74922,40.463667,1
Dufour,0.5714285714285714,0.4,229578,-3.74922,40.463667,1
Dufour,0.5714285714285714,0.4,217431,-3.74922,40.463667,1
Hallberg-Rassy,0.5714285714285714,0.25,449377,-3.74922,40.463667,1
Hanse,0.5714285714285714,0.4,229578,-3.74922,40.463667,1
Hanse,0.5714285714285714,0.7,291487,-8.224454,39.399872,1
Hanse,0.5714285714285714,1.0,510103,-8.224454,39.399872,1
Jeanneau,0.5714285714285714,0.2,132436,-3.74922,40.463667,1
Jeanneau,0.5714285714285714,0.2,127526,-3.74922,40.463667,1
Jeanneau,0.5714285714285714,0.2,103275,-3.74922,40.463667,1
Jeanneau,0.5714285714285714,0.35,200425,-3.74922,40.463667,1
Jeanneau,0.5714285714285714,0.35,182180,-3.74922,40.463667,1
Jeanneau,0.5714285714285714,0.35,133617,-3.74922,40.463667,1
Jeanneau,0.5714285714285714,0.5,262982,-3.74922,40.463667,1
Jeanneau,0.5714285714285714,0.5,217431,-3.74922,40.463667,1
Jeanneau,0.5714285714285714,0.5,188278,-3.74922,40.463667,1
Jeanneau,0.5714285714285714,0.65,303686,2.213749,46.227638,1
Jeanneau,0.5714285714285714,0.7,334042,2.213749,46.227638,1
Jeanneau,0.5714285714285714,0.7,267233,-3.74922,40.463667,1
Jeanneau,0.5714285714285714,0.7,266019,-3.74922,40.463667,1
Nauticat,0.5714285714285714,0.3,479740,-3.74922,40.463667,1
RM Yachts,0.5714285714285714,0.15,333996,2.213749,46.227638,1
RM Yachts,0.5714285714285714,0.15,285415,2.213749,46.227638,1
Rustler,0.5714285714285714,0.3,465645,-3.435973,55.378051,1
Tofinou,0.5714285714285714,0.15,230792,-3.74922,40.463667,1
Tofinou,0.5714285714285714,0.15,229636,-3.74922,40.463667,1
Tofinou,0.5714285714285714,0.8,485879,-3.74922,40.463667,1
Wauquiez,0.5714285714285714,0.15,241725,2.213749,46.227638,1
X-Yachts,0.5714285714285714,0.1,252657,2.213749,46.227638,1
Bavaria,0.6428571428571429,0.2,130580,2.213749,46.227638,1
Bavaria,0.6428571428571429,0.4,144549,-3.74922,40.463667,1
Bavaria,0.6428571428571429,0.65,303686,-3.74922,40.463667,1
Beneteau,0.6428571428571429,0.6,200425,2.213749,46.227638,1
Beneteau,0.6428571428571429,0.6,224719,-3.74922,40.463667,1
Beneteau,0.6428571428571429,0.65,382629,2.213749,46.227638,1
Bestevaer,0.6428571428571429,0.65,807805,5.291266,52.132633,1
Boreal,0.6428571428571429,0.45,601275,2.213749,46.227638,1
Dufour,0.6428571428571429,0.2,156696,2.213749,46.227638,1
Dufour,0.6428571428571429,0.2,205754,5.291266,52.132633,1
Elan,0.6428571428571429,0.45,133617,-3.74922,40.463667,1
Hanse,0.6428571428571429,0.2,186468,-3.435973,55.378051,1
Hanse,0.6428571428571429,0.2,186430,-3.435973,55.378051,1
Hanse,0.6428571428571429,0.7,358287,2.213749,46.227638,1
Hanse,0.6428571428571429,0.7,352262,2.213749,46.227638,1
Jeanneau,0.6428571428571429,0.35,205041,2.213749,46.227638,1
Jeanneau,0.6428571428571429,0.35,157889,-3.74922,40.463667,1
Jeanneau,0.6428571428571429,0.5,182204,2.213749,46.227638,1
Jeanneau,0.6428571428571429,0.5,293110,-3.435973,55.378051,1
Jeanneau,0.6428571428571429,0.7,249013,2.213749,46.227638,1
RM Yachts,0.6428571428571429,0.25,334042,2.213749,46.227638,1
Southerly,0.6428571428571429,0.3,559708,2.213749,46.227638,1
Sunbeam,0.6428571428571429,0.3,379710,-3.435973,55.378051,1
Bavaria,0.7142857142857143,0.5,291601,-3.74922,40.463667,1
Bavaria,0.7142857142857143,0.5,291527,-3.74922,40.463667,1
Bavaria,0.7142857142857143,0.5,249013,-3.74922,40.463667,1
Bavaria,0.7142857142857143,0.5,212626,-3.74922,40.463667,1
Bavaria,0.7142857142857143,0.5,169936,-3.74922,40.463667,1
Bavaria,0.7142857142857143,0.9,285454,2.213749,46.227638,1
Bavaria,0.7142857142857143,0.9,334042,-3.74922,40.463667,1
Beneteau,0.7142857142857143,0.2,267233,-3.74922,40.463667,1
Beneteau,0.7142857142857143,0.6,340115,2.213749,46.227638,1
Beneteau,0.7142857142857143,0.6,206385,-3.74922,40.463667,1
Beneteau,0.7142857142857143,0.6,206377,-3.74922,40.463667,1
Beneteau,0.7142857142857143,0.95,576981,2.213749,46.227638,1
Beneteau,0.7142857142857143,0.95,576981,2.213749,46.227638,1
Beneteau,0.7142857142857143,0.95,545399,2.213749,46.227638,1
Beneteau,0.7142857142857143,0.95,472517,-3.74922,40.463667,1
Beneteau,0.7142857142857143,0.95,460370,-3.74922,40.463667,1
Beneteau,0.7142857142857143,0.95,455511,-3.74922,40.463667,1
Beneteau,0.7142857142857143,0.95,438332,-3.74922,40.463667,1
Beneteau,0.7142857142857143,0.95,426342,-3.435973,55.378051,1
Contest,0.7142857142857143,0.45,637741,5.291266,52.132633,1
Dehler,0.7142857142857143,0.4,108108,-3.74922,40.463667,1
Dufour,0.7142857142857143,0.2,188926,2.213749,46.227638,1
Dufour,0.7142857142857143,0.2,145622,-3.74922,40.463667,1
Dufour,0.7142857142857143,0.4,168843,2.213749,46.227638,1
Dufour,0.7142857142857143,0.65,278177,8.468946,60.472024,1
Dufour,0.7142857142857143,0.65,206385,-3.74922,40.463667,1
Dufour,0.7142857142857143,0.65,206377,-3.74922,40.463667,1
Grand Soleil,0.7142857142857143,0.55,522319,-3.74922,40.463667,1
Hanse,0.7142857142857143,0.7,425144,-3.74922,40.463667,1
Jeanneau,0.7142857142857143,0.2,144549,-3.74922,40.463667,1
Jeanneau,0.7142857142857143,0.2,139726,-3.74922,40.463667,1
Jeanneau,0.7142857142857143,0.2,210526,-3.435973,55.378051,1
Jeanneau,0.7142857142857143,0.35,217401,2.213749,46.227638,1
Jeanneau,0.7142857142857143,0.5,210142,-3.74922,40.463667,1
Jeanneau,0.7142857142857143,0.65,239817,-3.74922,40.463667,1
Oyster,0.7142857142857143,0.9,1259040,-3.435973,55.378051,1
Bavaria,0.7857142857142857,0.2,205256,-3.74922,40.463667,1
Bavaria,0.7857142857142857,0.5,279720,-3.435973,55.378051,1
Bavaria,0.7857142857142857,0.65,255086,-3.74922,40.463667,1
Dufour,0.7857142857142857,0.2,168843,2.213749,46.227638,1
Dufour,0.7857142857142857,0.5,279380,2.213749,46.227638,1
Dufour,0.7857142857142857,0.5,291527,-3.74922,40.463667,1
Dufour,0.7857142857142857,0.5,206429,-3.74922,40.463667,1
Dufour,0.7857142857142857,0.5,206377,-3.74922,40.463667,1
Dufour,0.7857142857142857,0.7,376556,-3.74922,40.463667,1
Hanse,0.7857142857142857,0.2,239849,-3.435973,55.378051,1
Hanse,0.7857142857142857,0.7,412941,2.213749,46.227638,1
Jeanneau,0.7857142857142857,0.1,182192,2.213749,46.227638,1
Jeanneau,0.7857142857142857,0.2,239849,-3.435973,55.378051,1
Jeanneau,0.7857142857142857,0.25,205284,2.213749,46.227638,1
Jeanneau,0.7857142857142857,0.4,261160,-3.74922,40.463667,1
Jeanneau,0.7857142857142857,0.4,293043,-3.435973,55.378051,1
Jeanneau,0.7857142857142857,0.45,230792,2.213749,46.227638,1
Jeanneau,0.7857142857142857,0.45,224785,2.213749,46.227638,1
Jeanneau,0.7857142857142857,0.45,261122,-3.435973,55.378051,1
Nautor,0.7857142857142857,0.9,1579105,2.213749,46.227638,1
Wauquiez,0.7857142857142857,0.6,757770,-3.435973,55.378051,1
X-Yachts,0.7857142857142857,0.7,734921,-3.74922,40.463667,1
Alubat,0.8571428571428571,0.25,412941,2.213749,46.227638,1
Azuree,0.8571428571428571,0.5,479927,-3.74922,40.463667,1
Bavaria,0.8571428571428571,0.5,299705,-3.435973,55.378051,1
Bavaria,0.8571428571428571,0.65,326418,-3.74922,40.463667,1
Bavaria,0.8571428571428571,0.9,734791,7.412841,43.750298,1
Beneteau,0.8571428571428571,0.1,193179,-3.435973,55.378051,1
Beneteau,0.8571428571428571,0.45,193137,-8.224454,39.399872,1
Beneteau,0.8571428571428571,0.45,182251,-3.74922,40.463667,1
Boreal,0.8571428571428571,0.55,719100,2.213749,46.227638,1
B-Yachts,0.8571428571428571,0.3,546613,-3.74922,40.463667,1
Contest,0.8571428571428571,0.45,728846,5.291266,52.132633,1
Dufour,0.8571428571428571,0.5,291527,-3.74922,40.463667,1
Hanse,0.8571428571428571,0.4,338900,-8.24389,53.41291,1
Hanse,0.8571428571428571,0.4,321895,-3.74922,40.463667,1
Hanse,0.8571428571428571,0.4,297560,-3.74922,40.463667,1
Hanse,0.8571428571428571,0.7,327362,-3.74922,40.463667,1
Jeanneau,0.8571428571428571,0.1,191922,2.213749,46.227638,1
Jeanneau,0.8571428571428571,0.25,226487,-3.435973,55.378051,1
Jeanneau,0.8571428571428571,0.75,406923,2.213749,46.227638,1
Jeanneau,0.8571428571428571,0.75,360765,2.213749,46.227638,1
Jeanneau,0.8571428571428571,0.75,253872,-3.74922,40.463667,1
Jeanneau,0.8571428571428571,0.75,433003,-3.435973,55.378051,1
Jeanneau,0.8571428571428571,0.95,501081,-3.74922,40.463667,1
Jeanneau,0.8571428571428571,0.95,599687,-3.435973,55.378051,1
Jeanneau,0.8571428571428571,0.95,512942,-3.435973,55.378051,1
Nautor,0.8571428571428571,0.7,1311872,2.213749,46.227638,1
Wauquiez,0.8571428571428571,0.6,691190,2.213749,46.227638,1
Wauquiez,0.8571428571428571,0.6,642600,2.213749,46.227638,1
Beneteau,0.9285714285714286,0.2,261160,2.213749,46.227638,1
Beneteau,0.9285714285714286,0.95,637716,2.213749,46.227638,1
Dehler,0.9285714285714286,0.3,361980,5.291266,52.132633,1
Dehler,0.9285714285714286,0.5,460370,5.291266,52.132633,1
Dehler,0.9285714285714286,0.5,460370,5.291266,52.132633,1
Discovery,0.9285714285714286,0.95,1885229,-3.435973,55.378051,1
Dufour,0.9285714285714286,0.2,261124,2.213749,46.227638,1
Dufour,0.9285714285714286,0.7,498026,2.213749,46.227638,1
Dufour,0.9285714285714286,0.7,483449,2.213749,46.227638,1
Hanse,0.9285714285714286,0.25,278165,-3.74922,40.463667,1
Hanse,0.9285714285714286,0.4,291487,-3.74922,40.463667,1
Hanse,0.9285714285714286,0.9,632851,-3.435973,55.378051,1
Jeanneau,0.9285714285714286,0.25,216216,2.213749,46.227638,1
Jeanneau,0.9285714285714286,0.75,303674,-3.74922,40.463667,1
Jeanneau,0.9285714285714286,0.95,649863,2.213749,46.227638,1
Jeanneau,0.9285714285714286,0.95,594010,-3.74922,40.463667,1
Jeanneau,0.9285714285714286,0.95,593926,-3.74922,40.463667,1
Salona,0.9285714285714286,0.4,394723,2.213749,46.227638,1
Wauquiez,0.9285714285714286,0.3,583078,5.291266,52.132633,1
Bavaria,1.0,0.4,394776,-3.74922,40.463667,1
Beneteau,1.0,0.1,163984,2.213749,46.227638,1
Beneteau,1.0,0.55,467004,-3.74922,40.463667,1
Beneteau,1.0,0.75,510172,2.213749,46.227638,1
Beneteau,1.0,0.75,363209,2.213749,46.227638,1
Beneteau,1.0,0.95,759185,2.213749,46.227638,1
Beneteau,1.0,0.95,704524,2.213749,46.227638,1
Dufour,1.0,0.2,216502,-3.435973,55.378051,1
Dufour,1.0,0.7,484664,2.213749,46.227638,1
Hanse,1.0,0.25,278981,-3.74922,40.463667,1
Jeanneau,1.0,0.3,326709,2.213749,46.227638,1
Jeanneau,1.0,0.6,423929,-8.24389,53.41291,1
RM Yachts,1.0,0.2,406868,2.213749,46.227638,1
RM Yachts,1.0,0.3,406923,2.213749,46.227638,1
Southerly,1.0,0.6,1192424,-3.435973,55.378051,1
X-Yachts,1.0,0.35,546613,-3.435973,55.378051,1
X-Yachts,1.0,0.5,570907,-8.224454,39.399872,1
Lagoon,0.0,0.225,303395,-3.74922,40.463667,0
Broadblue,0.07142857142857142,0.1350000000000001,223109,-3.74922,40.463667,0
Broadblue,0.07142857142857142,0.1350000000000001,220542,-3.435973,55.378051,0
Broadblue,0.07142857142857142,0.1350000000000001,220475,-3.74922,40.463667,0
Broadblue,0.07142857142857142,0.1350000000000001,219923,-3.435973,55.378051,0
Broadblue,0.07142857142857142,0.1350000000000001,219766,-3.74922,40.463667,0
Lagoon,0.07142857142857142,0.2300000000000001,302787,-3.74922,40.463667,0
Lagoon,0.07142857142857142,0.75,515334,-3.74922,40.463667,0
Broadblue,0.1428571428571428,0.1350000000000001,200493,-3.435973,55.378051,0
Lagoon,0.1428571428571428,0.43,394877,-3.74922,40.463667,0
Lagoon,0.1428571428571428,0.43,394469,-3.74922,40.463667,0
Lagoon,0.1428571428571428,0.43,339729,-3.74922,40.463667,0
Lagoon,0.1428571428571428,0.43,309506,-3.74922,40.463667,0
Catana,0.1428571428571428,0.7,703279,2.213749,46.227638,0
Lagoon,0.1428571428571428,0.75,594150,-3.74922,40.463667,0
Lagoon ,0.1428571428571428,1.0,705237,2.213749,46.227638,0
Leopard,0.2142857142857143,0.15,273094,2.213749,46.227638,0
Alliaura,0.2142857142857143,0.15,218645,2.213749,46.227638,0
Fountaine Pajot,0.2142857142857143,0.15,194562,2.213749,46.227638,0
Fountaine Pajot,0.2142857142857143,0.15,194401,2.213749,46.227638,0
Lagoon,0.2142857142857143,0.25,338900,2.213749,46.227638,0
Lagoon,0.2142857142857143,0.25,338636,2.213749,46.227638,0
Lagoon,0.2142857142857143,0.25,338028,2.213749,46.227638,0
Lagoon,0.2142857142857143,0.25,337640,2.213749,46.227638,0
Lagoon,0.2142857142857143,0.25,327968,-3.74922,40.463667,0
Lagoon,0.2142857142857143,0.25,327712,-3.74922,40.463667,0
Fountaine Pajot,0.2142857142857143,0.35,338636,2.213749,46.227638,0
Lagoon,0.2142857142857143,0.43,431327,-3.74922,40.463667,0
Lagoon,0.2142857142857143,0.43,430881,-3.74922,40.463667,0
Lagoon,0.2142857142857143,0.43,376652,2.213749,46.227638,0
Lagoon,0.2142857142857143,0.43,376262,2.213749,46.227638,0
Catana,0.2142857142857143,0.7,709342,2.213749,46.227638,0
Lagoon,0.2142857142857143,0.75,546613,-8.224454,39.399872,0
Lagoon,0.2142857142857143,0.75,545648,-8.224454,39.399872,0
Catana,0.2142857142857143,0.85,632282,-3.74922,40.463667,0
Broadblue,0.2857142857142857,0.3,364170,-3.74922,40.463667,0
Broadblue,0.2857142857142857,0.3,363802,-3.74922,40.463667,0
Fountaine Pajot,0.3571428571428572,0.15,278887,-8.224454,39.399872,0
Fountaine Pajot,0.3571428571428572,0.15,218882,2.213749,46.227638,0
Fountaine Pajot,0.3571428571428572,0.15,205506,2.213749,46.227638,0
Fountaine Pajot,0.3571428571428572,0.15,205284,2.213749,46.227638,0
Lagoon,0.3571428571428572,0.43,424812,-3.74922,40.463667,0
Lagoon,0.3571428571428572,0.4899999999999999,479431,2.213749,46.227638,0
Outremer,0.3571428571428572,0.65,763449,2.213749,46.227638,0
Lagoon,0.4285714285714285,0.3,333781,-8.224454,39.399872,0
Lagoon,0.4285714285714285,0.325,325000,-8.224454,39.399872,0
Lagoon,0.4285714285714285,0.325,325000,-8.224454,39.399872,0
Lagoon,0.4285714285714285,0.4899999999999999,533522,2.213749,46.227638,0
Lagoon,0.4285714285714285,0.4899999999999999,510725,2.213749,46.227638,0
Lagoon,0.4285714285714285,0.4899999999999999,510302,2.213749,46.227638,0
Lagoon,0.4285714285714285,0.4899999999999999,510172,2.213749,46.227638,0
Outremer,0.4285714285714285,0.65,812664,2.213749,46.227638,0
Outremer,0.4285714285714285,0.65,811999,2.213749,46.227638,0
Lagoon,0.5,0.15,315575,-8.224454,39.399872,0
Alliaura,0.5,0.15,229578,5.291266,52.132633,0
Fountaine Pajot,0.5,0.3800000000000001,520699,2.213749,46.227638,0
Lagoon,0.5,0.4899999999999999,472895,2.213749,46.227638,0
Lagoon,0.5,0.4899999999999999,411782,2.213749,46.227638,0
Lagoon,0.5,0.4899999999999999,411461,2.213749,46.227638,0
Fountaine Pajot,0.5,0.55,358056,2.213749,46.227638,0
Nautitech ,0.5,0.875,790352,-3.74922,40.463667,0
Fountaine Pajot,0.5714285714285714,0.15,328323,2.213749,46.227638,0
Dolphin Ocema ,0.5714285714285714,0.25,273584,-8.224454,39.399872,0
Dolphin Ocema,0.5714285714285714,0.3,229900,-8.224454,39.399872,0
Lagoon,0.5714285714285714,0.4899999999999999,516246,-3.74922,40.463667,0
Lagoon,0.5714285714285714,0.4899999999999999,515844,-3.74922,40.463667,0
Lagoon,0.5714285714285714,0.4899999999999999,462084,2.213749,46.227638,0
Lagoon,0.5714285714285714,0.4899999999999999,400850,2.213749,46.227638,0
Lagoon,0.5714285714285714,0.4899999999999999,400537,2.213749,46.227638,0
Fountaine Pajot,0.5714285714285714,0.55,473732,2.213749,46.227638,0
Fountaine Pajot,0.5714285714285714,0.55,473362,2.213749,46.227638,0
Fountaine Pajot,0.5714285714285714,0.55,473362,2.213749,46.227638,0
Lagoon,0.6428571428571429,0.1199999999999999,334042,2.213749,46.227638,0
Lagoon,0.6428571428571429,0.1199999999999999,327968,-8.224454,39.399872,0
Lagoon,0.6428571428571429,0.1199999999999999,327712,-8.224454,39.399872,0
Lagoon,0.6428571428571429,0.1199999999999999,241536,-3.74922,40.463667,0
Lagoon,0.6428571428571429,0.15,321644,2.213749,46.227638,0
Lagoon,0.6428571428571429,0.15,315778,2.213749,46.227638,0
Lagoon,0.6428571428571429,0.15,315778,2.213749,46.227638,0
Lagoon,0.6428571428571429,0.15,315575,2.213749,46.227638,0
Lagoon,0.6428571428571429,0.15,315575,2.213749,46.227638,0
Lagoon,0.6428571428571429,0.15,315575,2.213749,46.227638,0
Lagoon,0.6428571428571429,0.4899999999999999,518675,2.213749,46.227638,0
Lagoon,0.6428571428571429,0.4899999999999999,517759,2.213749,46.227638,0
Lagoon ,0.6428571428571429,0.8,972741,2.213749,46.227638,0
Lagoon,0.7142857142857143,0.1199999999999999,334380,-3.74922,40.463667,0
Lagoon,0.7142857142857143,0.1199999999999999,327389,2.213749,46.227638,0
Lagoon,0.7142857142857143,0.1199999999999999,303982,2.213749,46.227638,0
Lagoon,0.7142857142857143,0.1199999999999999,303437,2.213749,46.227638,0
Lagoon,0.7142857142857143,0.1199999999999999,279380,2.213749,46.227638,0
Lagoon,0.7142857142857143,0.1199999999999999,279162,2.213749,46.227638,0
Nautitech,0.7142857142857143,0.175,388400,2.213749,46.227638,0
Nautitech,0.7142857142857143,0.175,382210,-3.74922,40.463667,0
Nautitech,0.7142857142857143,0.175,364424,-3.74922,40.463667,0
Nautitech,0.7142857142857143,0.175,363765,-3.74922,40.463667,0
Nautitech,0.7142857142857143,0.175,352214,2.213749,46.227638,0
Nautitech,0.7142857142857143,0.175,351987,2.213749,46.227638,0
Bali,0.7142857142857143,0.2,425604,2.213749,46.227638,0
Bali,0.7142857142857143,0.2,425144,2.213749,46.227638,0
Bali,0.7142857142857143,0.3,455973,-3.74922,40.463667,0
Bali,0.7142857142857143,0.35,455449,-3.74922,40.463667,0
Fountaine Pajot,0.7142857142857143,0.3800000000000001,544974,5.291266,52.132633,0
Fountaine Pajot,0.7142857142857143,0.3800000000000001,510689,2.213749,46.227638,0
Fountaine Pajot,0.7142857142857143,0.3800000000000001,480291,-3.74922,40.463667,0
Fountaine Pajot,0.7142857142857143,0.3800000000000001,479310,-3.74922,40.463667,0
Bali,0.7142857142857143,0.43,510689,2.213749,46.227638,0
Outremer,0.7142857142857143,0.45,825350,2.213749,46.227638,0
Lagoon ,0.7142857142857143,0.4899999999999999,516769,2.213749,46.227638,0
Lagoon,0.7142857142857143,0.4899999999999999,516246,2.213749,46.227638,0
Lagoon,0.7142857142857143,0.4899999999999999,515844,2.213749,46.227638,0
Lagoon,0.7142857142857143,0.4899999999999999,504030,2.213749,46.227638,0
Lagoon,0.7142857142857143,0.4899999999999999,503208,2.213749,46.227638,0
Fountaine Pajot,0.7142857142857143,0.65,910312,-3.74922,40.463667,0
Fountaine Pajot,0.7142857142857143,0.65,843556,2.213749,46.227638,0
Lagoon ,0.7142857142857143,0.8,838989,2.213749,46.227638,0
Lagoon,0.7142857142857143,0.8,838140,2.213749,46.227638,0
Lagoon,0.7857142857142857,0.15,455156,2.213749,46.227638,0
Lagoon,0.7857142857142857,0.15,454706,2.213749,46.227638,0
Lagoon,0.7857142857142857,0.325,461585,-3.74922,40.463667,0
Lagoon,0.7857142857142857,0.325,460769,-3.74922,40.463667,0
Bali,0.7857142857142857,0.35,485155,-3.74922,40.463667,0
Fountaine Pajot,0.7857142857142857,0.3800000000000001,625569,2.213749,46.227638,0
Fountaine Pajot,0.7857142857142857,0.3800000000000001,595804,4.469936,50.503887,0
Bali,0.7857142857142857,0.43,363154,-3.74922,40.463667,0
Fountaine Pajot,0.7857142857142857,0.65,922450,-3.74922,40.463667,0
Lagoon ,0.7857142857142857,0.8,924104,2.213749,46.227638,0
Lagoon,0.7857142857142857,0.8,923169,2.213749,46.227638,0
Lagoon,0.7857142857142857,0.8,843556,2.213749,46.227638,0
Lagoon,0.7857142857142857,0.8,840000,2.213749,46.227638,0
Dix Harvey,0.7857142857142857,0.95,845069,-3.74922,40.463667,0
Dix Harvey,0.7857142857142857,0.95,845069,-3.74922,40.463667,0
Dix Harvey ,0.7857142857142857,0.95,845069,-8.224454,39.399872,0
Lagoon,0.8571428571428571,0.125,382331,-3.74922,40.463667,0
Fountaine Pajot,0.8571428571428571,0.15,497637,2.213749,46.227638,0
Nautitech,0.8571428571428571,0.175,479431,2.213749,46.227638,0
Lagoon,0.8571428571428571,0.325,547167,-3.74922,40.463667,0
Lagoon,0.8571428571428571,0.325,546613,-3.74922,40.463667,0
Lagoon,0.8571428571428571,0.325,546613,-3.74922,40.463667,0
Lagoon,0.8571428571428571,0.325,545648,-3.74922,40.463667,0
Lagoon,0.8571428571428571,0.325,534050,2.213749,46.227638,0
Lagoon,0.8571428571428571,0.4899999999999999,600000,-8.224454,39.399872,0
Lagoon,0.8571428571428571,0.4899999999999999,600000,-8.224454,39.399872,0
Lagoon,0.8571428571428571,0.4899999999999999,582600,-8.224454,39.399872,0
Lagoon,0.8571428571428571,0.4899999999999999,582024,2.213749,46.227638,0
Lagoon,0.8571428571428571,0.4899999999999999,582024,-3.74922,40.463667,0
Bali,0.8571428571428571,0.5425000000000001,314051,-3.74922,40.463667,0
Lagoon,0.9285714285714286,0.125,498530,-3.74922,40.463667,0
Lagoon,0.9285714285714286,0.125,498026,-3.74922,40.463667,0
Lagoon,0.9285714285714286,0.125,451515,2.213749,46.227638,0
Lagoon,0.9285714285714286,0.125,411782,-3.74922,40.463667,0
Lagoon,0.9285714285714286,0.125,411055,-3.74922,40.463667,0
Lagoon,0.9285714285714286,0.125,385427,-3.74922,40.463667,0
Fountaine Pajot,0.9285714285714286,0.15,457738,-3.74922,40.463667,0
Fountaine Pajot,0.9285714285714286,0.15,449087,-3.74922,40.463667,0
Nautitech,0.9285714285714286,0.175,449438,2.213749,46.227638,0
Nautitech,0.9285714285714286,0.175,449087,2.213749,46.227638,0
Nautitech,0.9285714285714286,0.175,443019,2.213749,46.227638,0
Bali,0.9285714285714286,0.25,424393,-3.74922,40.463667,0
Lagoon,0.9285714285714286,0.325,557060,-3.74922,40.463667,0
Lagoon,0.9285714285714286,0.325,556076,-3.74922,40.463667,0
Lagoon,0.9285714285714286,0.325,460836,2.213749,46.227638,0
Lagoon,0.9285714285714286,0.325,460370,2.213749,46.227638,0
Nautitech,0.9285714285714286,0.45,613367,-3.74922,40.463667,0
Nautitech,0.9285714285714286,0.45,547205,2.213749,46.227638,0
Lagoon,1.0,0.125,460836,2.213749,46.227638,0
Lagoon,1.0,0.125,455973,2.213749,46.227638,0
Fountaine Pajot,1.0,0.15,455511,2.213749,46.227638,0
Fountaine Pajot,1.0,0.25,697906,-3.74922,40.463667,0
Bali,1.0,0.25,484598,2.213749,46.227638,0
Bali,1.0,0.25,483808,2.213749,46.227638,0
Lagoon,1.0,0.325,709128,2.213749,46.227638,0
Lagoon,1.0,0.325,594737,-3.74922,40.463667,0
Lagoon,1.0,0.325,557773,-3.74922,40.463667,0
Outremer,1.0,0.45,873367,2.213749,46.227638,0
Outremer,1.0,0.45,872686,2.213749,46.227638,0
Lagoon,1.0,0.4899999999999999,595120,2.213749,46.227638,0
Lagoon,1.0,0.4899999999999999,594150,2.213749,46.227638,0
Lagoon,1.0,0.4899999999999999,594150,-3.74922,40.463667,0
